[
    {
        "id": "d75d05577020f741",
        "type": "tab",
        "label": "Flow 1",
        "disabled": false,
        "info": "",
        "env": []
    },
    {
        "id": "c298b64b96e2eb84",
        "type": "telegram receiver",
        "z": "d75d05577020f741",
        "name": "",
        "bot": "c753adbf4b5712e9",
        "saveDataDir": "",
        "filterCommands": false,
        "x": 210,
        "y": 220,
        "wires": [
            [
                "e7b4925455d00537",
                "7297697b5d17b176"
            ],
            []
        ]
    },
    {
        "id": "7297697b5d17b176",
        "type": "telegram sender",
        "z": "d75d05577020f741",
        "name": "",
        "bot": "c753adbf4b5712e9",
        "haserroroutput": false,
        "outputs": 1,
        "x": 530,
        "y": 220,
        "wires": [
            []
        ]
    },
    {
        "id": "e7b4925455d00537",
        "type": "debug",
        "z": "d75d05577020f741",
        "name": "",
        "active": true,
        "tosidebar": true,
        "console": false,
        "tostatus": false,
        "complete": "payload",
        "targetType": "msg",
        "statusVal": "",
        "statusType": "auto",
        "x": 410,
        "y": 100,
        "wires": []
    },
    {
        "id": "c753adbf4b5712e9",
        "type": "telegram bot",
        "botname": "chpFiap2_bot",
        "usernames": "",
        "chatids": "",
        "baseapiurl": "",
        "updatemode": "polling",
        "pollinterval": "300",
        "usesocks": false,
        "sockshost": "",
        "socksprotocol": "socks5",
        "socksport": "6667",
        "socksusername": "anonymous",
        "sockspassword": "",
        "bothost": "",
        "botpath": "",
        "localbotport": "8443",
        "publicbotport": "8443",
        "privatekey": "",
        "certificate": "",
        "useselfsignedcertificate": false,
        "sslterminated": false,
        "verboselogging": false
    }
]