[
    {
        "id": "d75d05577020f741",
        "type": "tab",
        "label": "Flow 1",
        "disabled": false,
        "info": "",
        "env": []
    },
    {
        "id": "c298b64b96e2eb84",
        "type": "telegram receiver",
        "z": "d75d05577020f741",
        "name": "",
        "bot": "c753adbf4b5712e9",
        "saveDataDir": "",
        "filterCommands": false,
        "x": 210,
        "y": 220,
        "wires": [
            [
                "e7b4925455d00537",
                "08abb8455bf782f4"
            ],
            []
        ]
    },
    {
        "id": "7297697b5d17b176",
        "type": "telegram sender",
        "z": "d75d05577020f741",
        "name": "",
        "bot": "c753adbf4b5712e9",
        "haserroroutput": false,
        "outputs": 1,
        "x": 610,
        "y": 220,
        "wires": [
            [
                "01ec1c93ac897e09"
            ]
        ]
    },
    {
        "id": "e7b4925455d00537",
        "type": "debug",
        "z": "d75d05577020f741",
        "name": "",
        "active": true,
        "tosidebar": true,
        "console": false,
        "tostatus": false,
        "complete": "payload",
        "targetType": "msg",
        "statusVal": "",
        "statusType": "auto",
        "x": 410,
        "y": 100,
        "wires": []
    },
    {
        "id": "08abb8455bf782f4",
        "type": "function",
        "z": "d75d05577020f741",
        "name": "function 1",
        "func": "msg.payload.content = msg.payload.content + \", Tudo Bem!\"\nreturn msg;",
        "outputs": 1,
        "noerr": 0,
        "initialize": "",
        "finalize": "",
        "libs": [],
        "x": 420,
        "y": 220,
        "wires": [
            [
                "7297697b5d17b176"
            ]
        ]
    },
    {
        "id": "01ec1c93ac897e09",
        "type": "debug",
        "z": "d75d05577020f741",
        "name": "",
        "active": true,
        "tosidebar": true,
        "console": false,
        "tostatus": false,
        "complete": "payload",
        "targetType": "msg",
        "statusVal": "",
        "statusType": "auto",
        "x": 770,
        "y": 100,
        "wires": []
    },
    {
        "id": "c753adbf4b5712e9",
        "type": "telegram bot",
        "botname": "chpFiap2_bot",
        "usernames": "",
        "chatids": "",
        "baseapiurl": "",
        "updatemode": "polling",
        "pollinterval": "300",
        "usesocks": false,
        "sockshost": "",
        "socksprotocol": "socks5",
        "socksport": "6667",
        "socksusername": "anonymous",
        "sockspassword": "",
        "bothost": "",
        "botpath": "",
        "localbotport": "8443",
        "publicbotport": "8443",
        "privatekey": "",
        "certificate": "",
        "useselfsignedcertificate": false,
        "sslterminated": false,
        "verboselogging": false
    }
]